{".env":[".env"],"assets/fonts/Outfit-Regular.ttf":["assets/fonts/Outfit-Regular.ttf"],"assets/images/Chica con tablet en mano mientras en un fondo difuminado hay dos enfermeras hablando con un anciano.png":["assets/images/Chica con tablet en mano mientras en un fondo difuminado hay dos enfermeras hablando con un anciano.png"],"assets/images/Chica con tablet en mano mientras en un fondo difuminado hay dos enfermeras hablando con un anciano.rar":["assets/images/Chica con tablet en mano mientras en un fondo difuminado hay dos enfermeras hablando con un anciano.rar"],"assets/images/FBGreen.png":["assets/images/FBGreen.png"],"assets/images/Medired Pasos.png":["assets/images/Medired Pasos.png"],"assets/images/Medired Pasos1.png":["assets/images/Medired Pasos1.png"],"assets/images/audiometria.png":["assets/images/audiometria.png"],"assets/images/audiometry modal bg.jpg":["assets/images/audiometry modal bg.jpg"],"assets/images/baculo.png":["assets/images/baculo.png"],"assets/images/blood-test.png":["assets/images/blood-test.png"],"assets/images/camas.png":["assets/images/camas.png"],"assets/images/carusel1.png":["assets/images/carusel1.png"],"assets/images/carusel2.png":["assets/images/carusel2.png"],"assets/images/carusel3.png":["assets/images/carusel3.png"],"assets/images/carusel4.png":["assets/images/carusel4.png"],"assets/images/carusel5.png":["assets/images/carusel5.png"],"assets/images/carusel6.png":["assets/images/carusel6.png"],"assets/images/carusel7.png":["assets/images/carusel7.png"],"assets/images/carusel8.png":["assets/images/carusel8.png"],"assets/images/chica1.png":["assets/images/chica1.png"],"assets/images/chicha2.png":["assets/images/chicha2.png"],"assets/images/consulta.png":["assets/images/consulta.png"],"assets/images/consultas modal bg.jpg":["assets/images/consultas modal bg.jpg"],"assets/images/corazon.png":["assets/images/corazon.png"],"assets/images/dentalcare.png":["assets/images/dentalcare.png"],"assets/images/doc.png":["assets/images/doc.png"],"assets/images/doc2.png":["assets/images/doc2.png"],"assets/images/doc3.png":["assets/images/doc3.png"],"assets/images/doc4.png":["assets/images/doc4.png"],"assets/images/doc5.png":["assets/images/doc5.png"],"assets/images/dominican_republic_coat_of_arms.png":["assets/images/dominican_republic_coat_of_arms.png"],"assets/images/facebooks.png":["assets/images/facebooks.png"],"assets/images/fondo.png":["assets/images/fondo.png"],"assets/images/fondo2.png":["assets/images/fondo2.png"],"assets/images/fondo3.png":["assets/images/fondo3.png"],"assets/images/fondo4.png":["assets/images/fondo4.png"],"assets/images/fondo_servicios.png":["assets/images/fondo_servicios.png"],"assets/images/google.png":["assets/images/google.png"],"assets/images/header_prestadores.jpeg":["assets/images/header_prestadores.jpeg"],"assets/images/image2.png":["assets/images/image2.png"],"assets/images/image3.png":["assets/images/image3.png"],"assets/images/image4.png":["assets/images/image4.png"],"assets/images/image5.png":["assets/images/image5.png"],"assets/images/image6.png":["assets/images/image6.png"],"assets/images/imagenes.png":["assets/images/imagenes.png"],"assets/images/images modal bg.jpg":["assets/images/images modal bg.jpg"],"assets/images/jce_logo.png":["assets/images/jce_logo.png"],"assets/images/lab modal bg.jpg":["assets/images/lab modal bg.jpg"],"assets/images/logo.png":["assets/images/logo.png"],"assets/images/logob.png":["assets/images/logob.png"],"assets/images/logop.png":["assets/images/logop.png"],"assets/images/mano.jpg":["assets/images/mano.jpg"],"assets/images/mano.png":["assets/images/mano.png"],"assets/images/mano.svg":["assets/images/mano.svg"],"assets/images/maps.png":["assets/images/maps.png"],"assets/images/member.jpeg":["assets/images/member.jpeg"],"assets/images/member.png":["assets/images/member.png"],"assets/images/odontología modal bg.jpg":["assets/images/odontología modal bg.jpg"],"assets/images/persona_servicio.png":["assets/images/persona_servicio.png"],"assets/images/prestadoresimg.png":["assets/images/prestadoresimg.png"],"assets/images/servicio.jpg":["assets/images/servicio.jpg"],"assets/images/slide.png":["assets/images/slide.png"],"assets/images/targeta.jpg":["assets/images/targeta.jpg"],"assets/images/targeta.png":["assets/images/targeta.png"],"assets/images/targeta.svg":["assets/images/targeta.svg"],"assets/images/targeta1.jpg":["assets/images/targeta1.jpg"],"assets/images/targeta1.png":["assets/images/targeta1.png"],"assets/images/targeta1.svg":["assets/images/targeta1.svg"],"assets/images/user.jpg":["assets/images/user.jpg"],"assets/images/user.png":["assets/images/user.png"],"assets/images/userbg.png":["assets/images/userbg.png"],"packages/cupertino_icons/assets/CupertinoIcons.ttf":["packages/cupertino_icons/assets/CupertinoIcons.ttf"],"packages/flutter_map/lib/assets/flutter_map_logo.png":["packages/flutter_map/lib/assets/flutter_map_logo.png"],"packages/font_awesome_flutter/lib/fonts/fa-brands-400.ttf":["packages/font_awesome_flutter/lib/fonts/fa-brands-400.ttf"],"packages/font_awesome_flutter/lib/fonts/fa-regular-400.ttf":["packages/font_awesome_flutter/lib/fonts/fa-regular-400.ttf"],"packages/font_awesome_flutter/lib/fonts/fa-solid-900.ttf":["packages/font_awesome_flutter/lib/fonts/fa-solid-900.ttf"],"packages/mobkit_dashed_border/images/type1.png":["packages/mobkit_dashed_border/images/type1.png"],"packages/mobkit_dashed_border/images/type2.png":["packages/mobkit_dashed_border/images/type2.png"],"packages/mobkit_dashed_border/images/type3.png":["packages/mobkit_dashed_border/images/type3.png"],"packages/mobkit_dashed_border/images/type4.png":["packages/mobkit_dashed_border/images/type4.png"],"packages/timezone/data/latest_all.tzf":["packages/timezone/data/latest_all.tzf"]}